CHIPPENHAM JW HOSPITAL,24,541779911,MI,YTX020447842,STANCIL,ELAINE,QC,1,STANCIL,STANLEY,19490708,M,035002485152,035002485152,000000441180,27650.35,20040527-20040530,,,,,,,,1572,
CHIPPENHAM JW HOSPITAL,24,541779911,MI,YTX020447842,STANCIL,ELAINE,QC,1,STANCIL,STANLEY,19490708,M,035002485152,035002485152,000000441180,27650.35,20040527-20040530,,,,,,,,6937.77,
CHIPPENHAM JW HOSPITAL,24,541779911,MI,YTX020447842,STANCIL,ELAINE,QC,1,STANCIL,STANLEY,19490708,M,035002485152,035002485152,000000441180,27650.35,20040527-20040530,,,,,,,,215.28,
CHIPPENHAM JW HOSPITAL,24,541779911,MI,YTX020447842,STANCIL,ELAINE,QC,1,STANCIL,STANLEY,19490708,M,035002485152,035002485152,000000441180,27650.35,20040527-20040530,,,,,,,,1588.55,
CHIPPENHAM JW HOSPITAL,24,541779911,MI,YTX020447842,STANCIL,ELAINE,QC,1,STANCIL,STANLEY,19490708,M,035002485152,035002485152,000000441180,27650.35,20040527-20040530,,,,,,,,2398.5,
CHIPPENHAM JW HOSPITAL,24,541779911,MI,YTX020447842,STANCIL,ELAINE,QC,1,STANCIL,STANLEY,19490708,M,035002485152,035002485152,000000441180,27650.35,20040527-20040530,,,,,,,,268,
CHIPPENHAM JW HOSPITAL,24,541779911,MI,YTX020447842,STANCIL,ELAINE,QC,1,STANCIL,STANLEY,19490708,M,035002485152,035002485152,000000441180,27650.35,20040527-20040530,,,,,,,,1053,
CHIPPENHAM JW HOSPITAL,24,541779911,MI,YTX020447842,STANCIL,ELAINE,QC,1,STANCIL,STANLEY,19490708,M,035002485152,035002485152,000000441180,27650.35,20040527-20040530,,,,,,,,675,
CHIPPENHAM JW HOSPITAL,24,541779911,MI,YTX020447842,STANCIL,ELAINE,QC,1,STANCIL,STANLEY,19490708,M,035002485152,035002485152,000000441180,27650.35,20040527-20040530,,,,,,,,214,
CHIPPENHAM JW HOSPITAL,24,541779911,MI,YTX020447842,STANCIL,ELAINE,QC,1,STANCIL,STANLEY,19490708,M,035002485152,035002485152,000000441180,27650.35,20040527-20040530,,,,,,,,84,
CHIPPENHAM JW HOSPITAL,24,541779911,MI,YTX020447842,STANCIL,ELAINE,QC,1,STANCIL,STANLEY,19490708,M,035002485152,035002485152,000000441180,27650.35,20040527-20040530,,,,,,,,66.5,
CHIPPENHAM JW HOSPITAL,24,541779911,MI,YTX020447842,STANCIL,ELAINE,QC,1,STANCIL,STANLEY,19490708,M,035002485152,035002485152,000000441180,27650.35,20040527-20040530,,,,,,,,290,
CHIPPENHAM JW HOSPITAL,24,541779911,MI,YTX020447842,STANCIL,ELAINE,QC,1,STANCIL,STANLEY,19490708,M,035002485152,035002485152,000000441180,27650.35,20040527-20040530,,,,,,,,8083,
CHIPPENHAM JW HOSPITAL,24,541779911,MI,YTX020447842,STANCIL,ELAINE,QC,1,STANCIL,STANLEY,19490708,M,035002485152,035002485152,000000441180,27650.35,20040527-20040530,,,,,,,,1633,
CHIPPENHAM JW HOSPITAL,24,541779911,MI,YTX020447842,STANCIL,ELAINE,QC,1,STANCIL,STANLEY,19490708,M,035002485152,035002485152,000000441180,27650.35,20040527-20040530,,,,,,,,2356.75,
CHIPPENHAM JW HOSPITAL,24,541779911,MI,YTX020447842,STANCIL,ELAINE,QC,1,STANCIL,STANLEY,19490708,M,035002485152,035002485152,000000441180,27650.35,20040527-20040530,,,,,,,,215,
CHIPPENHAM JW HOSPITAL,24,541779911,MI,YTX229701819,FULTZ,MYRTLE,IL,1,FULTZ,MYRTLE,19481022,F,035002426665,035002426665,000001150192,6744.44,20040520-20040524,,,,,,,,2056,
CHIPPENHAM JW HOSPITAL,24,541779911,MI,YTX229701819,FULTZ,MYRTLE,IL,1,FULTZ,MYRTLE,19481022,F,035002426665,035002426665,000001150192,6744.44,20040520-20040524,,,,,,,,489.39,
CHIPPENHAM JW HOSPITAL,24,541779911,MI,YTX229701819,FULTZ,MYRTLE,IL,1,FULTZ,MYRTLE,19481022,F,035002426665,035002426665,000001150192,6744.44,20040520-20040524,,,,,,,,317.97,
CHIPPENHAM JW HOSPITAL,24,541779911,MI,YTX229701819,FULTZ,MYRTLE,IL,1,FULTZ,MYRTLE,19481022,F,035002426665,035002426665,000001150192,6744.44,20040520-20040524,,,,,,,,1275.08,
CHIPPENHAM JW HOSPITAL,24,541779911,MI,YTX229701819,FULTZ,MYRTLE,IL,1,FULTZ,MYRTLE,19481022,F,035002426665,035002426665,000001150192,6744.44,20040520-20040524,,,,,,,,329.25,
CHIPPENHAM JW HOSPITAL,24,541779911,MI,YTX229701819,FULTZ,MYRTLE,IL,1,FULTZ,MYRTLE,19481022,F,035002426665,035002426665,000001150192,6744.44,20040520-20040524,,,,,,,,423.5,
CHIPPENHAM JW HOSPITAL,24,541779911,MI,YTX229701819,FULTZ,MYRTLE,IL,1,FULTZ,MYRTLE,19481022,F,035002426665,035002426665,000001150192,6744.44,20040520-20040524,,,,,,,,412.25,
CHIPPENHAM JW HOSPITAL,24,541779911,MI,YTX229701819,FULTZ,MYRTLE,IL,1,FULTZ,MYRTLE,19481022,F,035002426665,035002426665,000001150192,6744.44,20040520-20040524,,,,,,,,83,
CHIPPENHAM JW HOSPITAL,24,541779911,MI,YTX229701819,FULTZ,MYRTLE,IL,1,FULTZ,MYRTLE,19481022,F,035002426665,035002426665,000001150192,6744.44,20040520-20040524,,,,,,,,52.25,
CHIPPENHAM JW HOSPITAL,24,541779911,MI,YTX229701819,FULTZ,MYRTLE,IL,1,FULTZ,MYRTLE,19481022,F,035002426665,035002426665,000001150192,6744.44,20040520-20040524,,,,,,,,1155.75,
CHIPPENHAM JW HOSPITAL,24,541779911,MI,YTX229701819,FULTZ,MYRTLE,IL,1,FULTZ,MYRTLE,19481022,F,035002426665,035002426665,000001150192,6744.44,20040520-20040524,,,,,,,,150,
CHIPPENHAM JW HOSPITAL,24,541779911,MI,YTX231355354,BARLOW,STEPHEN,QC,1,BARLOW,FLORRIA,19740709,F,035002636228,035002636228,000001585804,9412.84,20040610-20040613,,,,,,,,1542,
CHIPPENHAM JW HOSPITAL,24,541779911,MI,YTX231355354,BARLOW,STEPHEN,QC,1,BARLOW,FLORRIA,19740709,F,035002636228,035002636228,000001585804,9412.84,20040610-20040613,,,,,,,,1685.76,
CHIPPENHAM JW HOSPITAL,24,541779911,MI,YTX231355354,BARLOW,STEPHEN,QC,1,BARLOW,FLORRIA,19740709,F,035002636228,035002636228,000001585804,9412.84,20040610-20040613,,,,,,,,51.74,
CHIPPENHAM JW HOSPITAL,24,541779911,MI,YTX231355354,BARLOW,STEPHEN,QC,1,BARLOW,FLORRIA,19740709,F,035002636228,035002636228,000001585804,9412.84,20040610-20040613,,,,,,,,1115.09,
CHIPPENHAM JW HOSPITAL,24,541779911,MI,YTX231355354,BARLOW,STEPHEN,QC,1,BARLOW,FLORRIA,19740709,F,035002636228,035002636228,000001585804,9412.84,20040610-20040613,,,,,,,,1491.75,
CHIPPENHAM JW HOSPITAL,24,541779911,MI,YTX231355354,BARLOW,STEPHEN,QC,1,BARLOW,FLORRIA,19740709,F,035002636228,035002636228,000001585804,9412.84,20040610-20040613,,,,,,,,504.25,
CHIPPENHAM JW HOSPITAL,24,541779911,MI,YTX231355354,BARLOW,STEPHEN,QC,1,BARLOW,FLORRIA,19740709,F,035002636228,035002636228,000001585804,9412.84,20040610-20040613,,,,,,,,318.25,
CHIPPENHAM JW HOSPITAL,24,541779911,MI,YTX231355354,BARLOW,STEPHEN,QC,1,BARLOW,FLORRIA,19740709,F,035002636228,035002636228,000001585804,9412.84,20040610-20040613,,,,,,,,63,
CHIPPENHAM JW HOSPITAL,24,541779911,MI,YTX231355354,BARLOW,STEPHEN,QC,1,BARLOW,FLORRIA,19740709,F,035002636228,035002636228,000001585804,9412.84,20040610-20040613,,,,,,,,1494,
CHIPPENHAM JW HOSPITAL,24,541779911,MI,YTX231355354,BARLOW,STEPHEN,QC,1,BARLOW,FLORRIA,19740709,F,035002636228,035002636228,000001585804,9412.84,20040610-20040613,,,,,,,,1147,
CHIPPENHAM JW HOSPITAL,24,541779911,MI,149010914012,THREAT,LETTIE,IL,1,THREAT,LETTIE,19451229,F,035002532393,035002532393,000001467749,382.75,20040607-20040607,20040607-20040607,HC,80048,,,,,122.75,
CHIPPENHAM JW HOSPITAL,24,541779911,MI,149010914012,THREAT,LETTIE,IL,1,THREAT,LETTIE,19451229,F,035002532393,035002532393,000001467749,382.75,20040607-20040607,20040607-20040607,HC,36415,,,,,21,
CHIPPENHAM JW HOSPITAL,24,541779911,MI,149010914012,THREAT,LETTIE,IL,1,THREAT,LETTIE,19451229,F,035002532393,035002532393,000001467749,382.75,20040607-20040607,20040607-20040607,HC,93000,,,,,239,
CHIPPENHAM JW HOSPITAL,24,541779911,MI,149010914012,THREAT,LETTIE,IL,1,THREAT,LETTIE,19451229,F,035002532393,035002532393,000001467749,10174.49,20040614-20040614,20040614-20040614,,,,,,,688.39,
CHIPPENHAM JW HOSPITAL,24,541779911,MI,149010914012,THREAT,LETTIE,IL,1,THREAT,LETTIE,19451229,F,035002532393,035002532393,000001467749,10174.49,20040614-20040614,20040614-20040614,,,,,,,168.6,
CHIPPENHAM JW HOSPITAL,24,541779911,MI,149010914012,THREAT,LETTIE,IL,1,THREAT,LETTIE,19451229,F,035002532393,035002532393,000001467749,10174.49,20040614-20040614,20040614-20040614,,,,,,,1120.25,
CHIPPENHAM JW HOSPITAL,24,541779911,MI,149010914012,THREAT,LETTIE,IL,1,THREAT,LETTIE,19451229,F,035002532393,035002532393,000001467749,10174.49,20040614-20040614,20040614-20040614,,,,,,,46,
CHIPPENHAM JW HOSPITAL,24,541779911,MI,149010914012,THREAT,LETTIE,IL,1,THREAT,LETTIE,19451229,F,035002532393,035002532393,000001467749,10174.49,20040614-20040614,20040614-20040614,HC,64721,,,,,2953.75,
CHIPPENHAM JW HOSPITAL,24,541779911,MI,149010914012,THREAT,LETTIE,IL,1,THREAT,LETTIE,19451229,F,035002532393,035002532393,000001467749,10174.49,20040614-20040614,20040614-20040614,,,,,,,1003,
CHIPPENHAM JW HOSPITAL,24,541779911,MI,149010914012,THREAT,LETTIE,IL,1,THREAT,LETTIE,19451229,F,035002532393,035002532393,000001467749,10174.49,20040614-20040614,20040614-20040614,,,,,,,4194.5,
CHIPPENHAM JW HOSPITAL,24,541779911,MI,324443951,WILKINSON,JUDITH,IL,1,WILKINSON,JUDITH,19500517,F,035002046962,035002046962,000000441082,215,20040504-20040504,20040504-20040504,HC,93005,,,,,215,
CHIPPENHAM JW HOSPITAL,24,541779911,MI,324443951,WILKINSON,JUDITH,IL,1,WILKINSON,JUDITH,19500517,F,035002046962,035002046962,000000441082,22379.62,20040514-20040514,20040514-20040514,,,,,,,2647.02,
CHIPPENHAM JW HOSPITAL,24,541779911,MI,324443951,WILKINSON,JUDITH,IL,1,WILKINSON,JUDITH,19500517,F,035002046962,035002046962,000000441082,22379.62,20040514-20040514,20040514-20040514,,,,,,,168.6,
CHIPPENHAM JW HOSPITAL,24,541779911,MI,324443951,WILKINSON,JUDITH,IL,1,WILKINSON,JUDITH,19500517,F,035002046962,035002046962,000000441082,22379.62,20040514-20040514,20040514-20040514,,,,,,,1950.25,
CHIPPENHAM JW HOSPITAL,24,541779911,MI,324443951,WILKINSON,JUDITH,IL,1,WILKINSON,JUDITH,19500517,F,035002046962,035002046962,000000441082,22379.62,20040514-20040514,20040514-20040514,,,,,,,810.75,
CHIPPENHAM JW HOSPITAL,24,541779911,MI,324443951,WILKINSON,JUDITH,IL,1,WILKINSON,JUDITH,19500517,F,035002046962,035002046962,000000441082,22379.62,20040514-20040514,20040514-20040514,HC,37785,,,,,9341.75,
CHIPPENHAM JW HOSPITAL,24,541779911,MI,324443951,WILKINSON,JUDITH,IL,1,WILKINSON,JUDITH,19500517,F,035002046962,035002046962,000000441082,22379.62,20040514-20040514,20040514-20040514,,,,,,,1823,
CHIPPENHAM JW HOSPITAL,24,541779911,MI,324443951,WILKINSON,JUDITH,IL,1,WILKINSON,JUDITH,19500517,F,035002046962,035002046962,000000441082,22379.62,20040514-20040514,20040514-20040514,,,,,,,5638.25,
CHIPPENHAM JW HOSPITAL,24,541779911,MI,BBT224213158,CALDWELL,JEREMY,IL,1,CALDWELL,JEREMY,19760906,M,035002587968,035002587968,000001585118,5932,20040607-20040608,20040607-20040607,,,,,,,59,
CHIPPENHAM JW HOSPITAL,24,541779911,MI,BBT224213158,CALDWELL,JEREMY,IL,1,CALDWELL,JEREMY,19760906,M,035002587968,035002587968,000001585118,5932,20040607-20040608,20040607-20040607,,,,,,,1096,
CHIPPENHAM JW HOSPITAL,24,541779911,MI,BBT224213158,CALDWELL,JEREMY,IL,1,CALDWELL,JEREMY,19760906,M,035002587968,035002587968,000001585118,5932,20040607-20040608,20040607-20040607,,,,,,,221,
CHIPPENHAM JW HOSPITAL,24,541779911,MI,BBT224213158,CALDWELL,JEREMY,IL,1,CALDWELL,JEREMY,19760906,M,035002587968,035002587968,000001585118,5932,20040607-20040608,20040608-20040608,,,,,,,89.75,
CHIPPENHAM JW HOSPITAL,24,541779911,MI,BBT224213158,CALDWELL,JEREMY,IL,1,CALDWELL,JEREMY,19760906,M,035002587968,035002587968,000001585118,5932,20040607-20040608,20040607-20040607,HC,85379,,,,,173.5,
CHIPPENHAM JW HOSPITAL,24,541779911,MI,BBT224213158,CALDWELL,JEREMY,IL,1,CALDWELL,JEREMY,19760906,M,035002587968,035002587968,000001585118,5932,20040607-20040608,20040607-20040607,HC,80053,,,,,167.75,
CHIPPENHAM JW HOSPITAL,24,541779911,MI,BBT224213158,CALDWELL,JEREMY,IL,1,CALDWELL,JEREMY,19760906,M,035002587968,035002587968,000001585118,5932,20040607-20040608,20040608-20040608,HC,84443,,,,,153,
CHIPPENHAM JW HOSPITAL,24,541779911,MI,BBT224213158,CALDWELL,JEREMY,IL,1,CALDWELL,JEREMY,19760906,M,035002587968,035002587968,000001585118,5932,20040607-20040608,20040608-20040608,HC,82330,,,,,134.75,
CHIPPENHAM JW HOSPITAL,24,541779911,MI,BBT224213158,CALDWELL,JEREMY,IL,1,CALDWELL,JEREMY,19760906,M,035002587968,035002587968,000001585118,5932,20040607-20040608,20040608-20040608,HC,80048,,,,,122.75,
CHIPPENHAM JW HOSPITAL,24,541779911,MI,BBT224213158,CALDWELL,JEREMY,IL,1,CALDWELL,JEREMY,19760906,M,035002587968,035002587968,000001585118,5932,20040607-20040608,20040607-20040607,HC,82553,,,,,107,
CHIPPENHAM JW HOSPITAL,24,541779911,MI,BBT224213158,CALDWELL,JEREMY,IL,1,CALDWELL,JEREMY,19760906,M,035002587968,035002587968,000001585118,5932,20040607-20040608,20040607-20040607,HC,84484,,,,,107,
CHIPPENHAM JW HOSPITAL,24,541779911,MI,BBT224213158,CALDWELL,JEREMY,IL,1,CALDWELL,JEREMY,19760906,M,035002587968,035002587968,000001585118,5932,20040607-20040608,20040607-20040607,HC,85027,,,,,101.25,
CHIPPENHAM JW HOSPITAL,24,541779911,MI,BBT224213158,CALDWELL,JEREMY,IL,1,CALDWELL,JEREMY,19760906,M,035002587968,035002587968,000001585118,5932,20040607-20040608,20040607-20040607,HC,83735,,,,,81,
CHIPPENHAM JW HOSPITAL,24,541779911,MI,BBT224213158,CALDWELL,JEREMY,IL,1,CALDWELL,JEREMY,19760906,M,035002587968,035002587968,000001585118,5932,20040607-20040608,20040607-20040607,HC,82550,,,,,75.25,
CHIPPENHAM JW HOSPITAL,24,541779911,MI,BBT224213158,CALDWELL,JEREMY,IL,1,CALDWELL,JEREMY,19760906,M,035002587968,035002587968,000001585118,5932,20040607-20040608,20040608-20040608,HC,36415,,,,,42,
CHIPPENHAM JW HOSPITAL,24,541779911,MI,BBT224213158,CALDWELL,JEREMY,IL,1,CALDWELL,JEREMY,19760906,M,035002587968,035002587968,000001585118,5932,20040607-20040608,20040607-20040607,HC,99284,,,,,605,
CHIPPENHAM JW HOSPITAL,24,541779911,MI,BBT224213158,CALDWELL,JEREMY,IL,1,CALDWELL,JEREMY,19760906,M,035002587968,035002587968,000001585118,5932,20040607-20040608,20040607-20040607,HC,90780,,,,,100,
CHIPPENHAM JW HOSPITAL,24,541779911,MI,BBT224213158,CALDWELL,JEREMY,IL,1,CALDWELL,JEREMY,19760906,M,035002587968,035002587968,000001585118,5932,20040607-20040608,20040607-20040607,HC,93307,,,,,1366,
CHIPPENHAM JW HOSPITAL,24,541779911,MI,BBT224213158,CALDWELL,JEREMY,IL,1,CALDWELL,JEREMY,19760906,M,035002587968,035002587968,000001585118,5932,20040607-20040608,20040607-20040607,HC,93320,,,,,326,
CHIPPENHAM JW HOSPITAL,24,541779911,MI,BBT224213158,CALDWELL,JEREMY,IL,1,CALDWELL,JEREMY,19760906,M,035002587968,035002587968,000001585118,5932,20040607-20040608,20040607-20040607,HC,93325,,,,,326,
CHIPPENHAM JW HOSPITAL,24,541779911,MI,BBT224213158,CALDWELL,JEREMY,IL,1,CALDWELL,JEREMY,19760906,M,035002587968,035002587968,000001585118,5932,20040607-20040608,20040607-20040607,HC,93000,,,,,478,
CHIPPENHAM JW HOSPITAL,24,541779911,MI,CPR238A66194,HORN,JOANALEE,IL,1,HORN,JOANALEE,19350505,F,035002539020,035002539020,000001277386,18730.32,20040603-20040604,20040604-20040604,,,,,,,1295.22,
CHIPPENHAM JW HOSPITAL,24,541779911,MI,CPR238A66194,HORN,JOANALEE,IL,1,HORN,JOANALEE,19350505,F,035002539020,035002539020,000001277386,18730.32,20040603-20040604,20040604-20040604,,,,,,,52,
CHIPPENHAM JW HOSPITAL,24,541779911,MI,CPR238A66194,HORN,JOANALEE,IL,1,HORN,JOANALEE,19350505,F,035002539020,035002539020,000001277386,18730.32,20040603-20040604,20040604-20040604,,,,,,,168.6,
CHIPPENHAM JW HOSPITAL,24,541779911,MI,CPR238A66194,HORN,JOANALEE,IL,1,HORN,JOANALEE,19350505,F,035002539020,035002539020,000001277386,18730.32,20040603-20040604,20040604-20040604,,,,,,,1103.75,
CHIPPENHAM JW HOSPITAL,24,541779911,MI,CPR238A66194,HORN,JOANALEE,IL,1,HORN,JOANALEE,19350505,F,035002539020,035002539020,000001277386,18730.32,20040603-20040604,20040604-20040604,,,,,,,381.75,
CHIPPENHAM JW HOSPITAL,24,541779911,MI,CPR238A66194,HORN,JOANALEE,IL,1,HORN,JOANALEE,19350505,F,035002539020,035002539020,000001277386,18730.32,20040603-20040604,20040603-20040603,HC,80048,,,,,122.75,
CHIPPENHAM JW HOSPITAL,24,541779911,MI,CPR238A66194,HORN,JOANALEE,IL,1,HORN,JOANALEE,19350505,F,035002539020,035002539020,000001277386,18730.32,20040603-20040604,20040603-20040603,HC,85730,,,,,98.5,
CHIPPENHAM JW HOSPITAL,24,541779911,MI,CPR238A66194,HORN,JOANALEE,IL,1,HORN,JOANALEE,19350505,F,035002539020,035002539020,000001277386,18730.32,20040603-20040604,20040603-20040603,HC,85610,,,,,51,
CHIPPENHAM JW HOSPITAL,24,541779911,MI,CPR238A66194,HORN,JOANALEE,IL,1,HORN,JOANALEE,19350505,F,035002539020,035002539020,000001277386,18730.32,20040603-20040604,20040603-20040603,HC,36415,,,,,42,
CHIPPENHAM JW HOSPITAL,24,541779911,MI,CPR238A66194,HORN,JOANALEE,IL,1,HORN,JOANALEE,19350505,F,035002539020,035002539020,000001277386,18730.32,20040603-20040604,20040604-20040604,HC,88307,,,,,321.5,
CHIPPENHAM JW HOSPITAL,24,541779911,MI,CPR238A66194,HORN,JOANALEE,IL,1,HORN,JOANALEE,19350505,F,035002539020,035002539020,000001277386,18730.32,20040603-20040604,20040604-20040604,HC,88305,,,,,200.75,
CHIPPENHAM JW HOSPITAL,24,541779911,MI,CPR238A66194,HORN,JOANALEE,IL,1,HORN,JOANALEE,19350505,F,035002539020,035002539020,000001277386,18730.32,20040603-20040604,20040604-20040604,HC,88342,,,,,128,
CHIPPENHAM JW HOSPITAL,24,541779911,MI,CPR238A66194,HORN,JOANALEE,IL,1,HORN,JOANALEE,19350505,F,035002539020,035002539020,000001277386,18730.32,20040603-20040604,20040604-20040604,HC,78195,,,,,1235,
CHIPPENHAM JW HOSPITAL,24,541779911,MI,CPR238A66194,HORN,JOANALEE,IL,1,HORN,JOANALEE,19350505,F,035002539020,035002539020,000001277386,18730.32,20040603-20040604,20040604-20040604,HC,38525,,,,,5406.3,
CHIPPENHAM JW HOSPITAL,24,541779911,MI,CPR238A66194,HORN,JOANALEE,IL,1,HORN,JOANALEE,19350505,F,035002539020,035002539020,000001277386,18730.32,20040603-20040604,20040604-20040604,HC,38792,,,,,1802.1,
CHIPPENHAM JW HOSPITAL,24,541779911,MI,CPR238A66194,HORN,JOANALEE,IL,1,HORN,JOANALEE,19350505,F,035002539020,035002539020,000001277386,18730.32,20040603-20040604,20040604-20040604,HC,14300,,,,,1802.1,
CHIPPENHAM JW HOSPITAL,24,541779911,MI,CPR238A66194,HORN,JOANALEE,IL,1,HORN,JOANALEE,19350505,F,035002539020,035002539020,000001277386,18730.32,20040603-20040604,20040604-20040604,,,,,,,1773,
CHIPPENHAM JW HOSPITAL,24,541779911,MI,CPR238A66194,HORN,JOANALEE,IL,1,HORN,JOANALEE,19350505,F,035002539020,035002539020,000001277386,18730.32,20040603-20040604,20040604-20040604,,,,,,,2507,
CHIPPENHAM JW HOSPITAL,24,541779911,MI,CPR238A66194,HORN,JOANALEE,IL,1,HORN,JOANALEE,19350505,F,035002539020,035002539020,000001277386,18730.32,20040603-20040604,20040603-20040603,HC,93000,,,,,239,
CHIPPENHAM JW HOSPITAL,24,541779911,MI,FTU142684511,MUNROE,PAUL,QC,1,MUNROE,DAJJAHN,19950629,M,035002503493,035002503493,000001485484,717.66,20040528-20040529,20040528-20040528,,,,,,,4.41,
CHIPPENHAM JW HOSPITAL,24,541779911,MI,FTU142684511,MUNROE,PAUL,QC,1,MUNROE,DAJJAHN,19950629,M,035002503493,035002503493,000001485484,717.66,20040528-20040529,20040528-20040528,HC,87880,,,,,127.5,
CHIPPENHAM JW HOSPITAL,24,541779911,MI,FTU142684511,MUNROE,PAUL,QC,1,MUNROE,DAJJAHN,19950629,M,035002503493,035002503493,000001485484,717.66,20040528-20040529,20040528-20040528,HC,87070,,,,,49.75,
CHIPPENHAM JW HOSPITAL,24,541779911,MI,FTU142684511,MUNROE,PAUL,QC,1,MUNROE,DAJJAHN,19950629,M,035002503493,035002503493,000001485484,717.66,20040528-20040529,20040528-20040528,HC,71020,,,,,290,
CHIPPENHAM JW HOSPITAL,24,541779911,MI,FTU142684511,MUNROE,PAUL,QC,1,MUNROE,DAJJAHN,19950629,M,035002503493,035002503493,000001485484,717.66,20040528-20040529,20040528-20040528,HC,99282,,,,,246,
CHIPPENHAM JW HOSPITAL,24,541779911,MI,FTU199382961,HESS,ALAN,IL,1,HESS,ALAN,19590816,M,035002583439,035002583439,000000351273,3086,20040605-20040605,20040605-20040605,HC,95811,,,,,3086,
CHIPPENHAM JW HOSPITAL,24,541779911,MI,FTU230479186,BOLES,FELICIA,QC,1,BOLES,ERIC,20010209,M,035002458333,035002458333,000001583424,536,20040524-20040525,20040524-20040524,HC,71020,,,,,290,
CHIPPENHAM JW HOSPITAL,24,541779911,MI,FTU230479186,BOLES,FELICIA,QC,1,BOLES,ERIC,20010209,M,035002458333,035002458333,000001583424,536,20040524-20040525,20040524-20040524,HC,99282,,,,,246,
CHIPPENHAM JW HOSPITAL,24,541779911,MI,MWV228501617,GREEN,MORRIS,IL,1,GREEN,MORRIS,19400708,M,035002386481,035002386481,000001031168,2018,20040607-20040607,20040607-20040607,HC,93307,,,,,1366,
CHIPPENHAM JW HOSPITAL,24,541779911,MI,MWV228501617,GREEN,MORRIS,IL,1,GREEN,MORRIS,19400708,M,035002386481,035002386481,000001031168,2018,20040607-20040607,20040607-20040607,HC,93320,,,,,326,
CHIPPENHAM JW HOSPITAL,24,541779911,MI,MWV228501617,GREEN,MORRIS,IL,1,GREEN,MORRIS,19400708,M,035002386481,035002386481,000001031168,2018,20040607-20040607,20040607-20040607,HC,93325,,,,,326,
CHIPPENHAM JW HOSPITAL,24,541779911,MI,R16875936,BAILEY,JIM,QC,1,BAILEY,ELIZABETH,19560521,F,035002076028,035002076028,000001053282,495,20040416-20040416,20040416-20040416,HC,73030,,,,,495,
CHIPPENHAM JW HOSPITAL,24,541779911,MI,R58895208,STOVALL,DENISE,IL,1,STOVALL,DENISE,19590921,F,035002664544,035002664544,000001100317,1548,20040614-20040614,20040614-20040614,,,,,,,53.58,
CHIPPENHAM JW HOSPITAL,24,541779911,MI,R58895208,STOVALL,DENISE,IL,1,STOVALL,DENISE,19590921,F,035002664544,035002664544,000001100317,1548,20040614-20040614,20040614-20040614,,,,,,,5.92,
CHIPPENHAM JW HOSPITAL,24,541779911,MI,R58895208,STOVALL,DENISE,IL,1,STOVALL,DENISE,19590921,F,035002664544,035002664544,000001100317,1548,20040614-20040614,20040614-20040614,,,,,,,274,
CHIPPENHAM JW HOSPITAL,24,541779911,MI,R58895208,STOVALL,DENISE,IL,1,STOVALL,DENISE,19590921,F,035002664544,035002664544,000001100317,1548,20040614-20040614,20040614-20040614,,,,,,,223.25,
CHIPPENHAM JW HOSPITAL,24,541779911,MI,R58895208,STOVALL,DENISE,IL,1,STOVALL,DENISE,19590921,F,035002664544,035002664544,000001100317,1548,20040614-20040614,20040614-20040614,HC,80053,,,,,251.5,
CHIPPENHAM JW HOSPITAL,24,541779911,MI,R58895208,STOVALL,DENISE,IL,1,STOVALL,DENISE,19590921,F,035002664544,035002664544,000001100317,1548,20040614-20040614,20040614-20040614,HC,85027,,,,,101.25,
CHIPPENHAM JW HOSPITAL,24,541779911,MI,R58895208,STOVALL,DENISE,IL,1,STOVALL,DENISE,19590921,F,035002664544,035002664544,000001100317,1548,20040614-20040614,20040614-20040614,HC,81001,,,,,66.5,
CHIPPENHAM JW HOSPITAL,24,541779911,MI,R58895208,STOVALL,DENISE,IL,1,STOVALL,DENISE,19590921,F,035002664544,035002664544,000001100317,1548,20040614-20040614,20040614-20040614,HC,36000,,,,,572,
CHIPPENHAM JW HOSPITAL,24,541779911,MI,YTA220787134,LEE,SUNG,QC,1,LEE,JAMES JI,19850117,M,035002407413,035002407413,000001065534,2583,20040526-20040526,20040526-20040526,HC,72146,,,,,2583,
CHIPPENHAM JW HOSPITAL,24,541779911,MI,YTA229625471,MARSHALL,PEGGY,QC,1,MARSHALL,MARION,19450125,M,035002444271,035002444271,000001264291,3686.26,20040523-20040523,20040523-20040523,,,,,,,67.84,
CHIPPENHAM JW HOSPITAL,24,541779911,MI,YTA229625471,MARSHALL,PEGGY,QC,1,MARSHALL,MARION,19450125,M,035002444271,035002444271,000001264291,3686.26,20040523-20040523,20040523-20040523,,,,,,,5.92,
CHIPPENHAM JW HOSPITAL,24,541779911,MI,YTA229625471,MARSHALL,PEGGY,QC,1,MARSHALL,MARION,19450125,M,035002444271,035002444271,000001264291,3686.26,20040523-20040523,20040523-20040523,,,,,,,701,
CHIPPENHAM JW HOSPITAL,24,541779911,MI,YTA229625471,MARSHALL,PEGGY,QC,1,MARSHALL,MARION,19450125,M,035002444271,035002444271,000001264291,3686.26,20040523-20040523,20040523-20040523,HC,80048,,,,,122.75,
CHIPPENHAM JW HOSPITAL,24,541779911,MI,YTA229625471,MARSHALL,PEGGY,QC,1,MARSHALL,MARION,19450125,M,035002444271,035002444271,000001264291,3686.26,20040523-20040523,20040523-20040523,HC,85027,,,,,101.25,
CHIPPENHAM JW HOSPITAL,24,541779911,MI,YTA229625471,MARSHALL,PEGGY,QC,1,MARSHALL,MARION,19450125,M,035002444271,035002444271,000001264291,3686.26,20040523-20040523,20040523-20040523,HC,85730,,,,,98.5,
CHIPPENHAM JW HOSPITAL,24,541779911,MI,YTA229625471,MARSHALL,PEGGY,QC,1,MARSHALL,MARION,19450125,M,035002444271,035002444271,000001264291,3686.26,20040523-20040523,20040523-20040523,HC,85610,,,,,51,
CHIPPENHAM JW HOSPITAL,24,541779911,MI,YTA229625471,MARSHALL,PEGGY,QC,1,MARSHALL,MARION,19450125,M,035002444271,035002444271,000001264291,3686.26,20040523-20040523,20040523-20040523,HC,71101,,,,,380,
CHIPPENHAM JW HOSPITAL,24,541779911,MI,YTA229625471,MARSHALL,PEGGY,QC,1,MARSHALL,MARION,19450125,M,035002444271,035002444271,000001264291,3686.26,20040523-20040523,20040523-20040523,HC,70450,,,,,1457,
CHIPPENHAM JW HOSPITAL,24,541779911,MI,YTA229625471,MARSHALL,PEGGY,QC,1,MARSHALL,MARION,19450125,M,035002444271,035002444271,000001264291,3686.26,20040523-20040523,20040523-20040523,HC,36000,,,,,75,
CHIPPENHAM JW HOSPITAL,24,541779911,MI,YTA229625471,MARSHALL,PEGGY,QC,1,MARSHALL,MARION,19450125,M,035002444271,035002444271,000001264291,3686.26,20040523-20040523,20040523-20040523,HC,99283,,,,,372,
CHIPPENHAM JW HOSPITAL,24,541779911,MI,YTA229625471,MARSHALL,PEGGY,QC,1,MARSHALL,MARION,19450125,M,035002444271,035002444271,000001264291,3686.26,20040523-20040523,20040523-20040523,HC,90782,,,,,15,
CHIPPENHAM JW HOSPITAL,24,541779911,MI,YTA229625471,MARSHALL,PEGGY,QC,1,MARSHALL,MARION,19450125,M,035002444271,035002444271,000001264291,3686.26,20040523-20040523,20040523-20040523,HC,93000,,,,,239,
CHIPPENHAM JW HOSPITAL,24,541779911,MI,YTA983005651,BUNCE,CHARLOTTE,IL,1,BUNCE,CHARLOTTE,19700322,F,035002557092,035002557092,000000343321,1545.75,20040603-20040603,20040603-20040603,,,,,,,107.25,
CHIPPENHAM JW HOSPITAL,24,541779911,MI,YTA983005651,BUNCE,CHARLOTTE,IL,1,BUNCE,CHARLOTTE,19700322,F,035002557092,035002557092,000000343321,1545.75,20040603-20040603,20040603-20040603,HC,80185,,,,,219.75,
CHIPPENHAM JW HOSPITAL,24,541779911,MI,YTA983005651,BUNCE,CHARLOTTE,IL,1,BUNCE,CHARLOTTE,19700322,F,035002557092,035002557092,000000343321,1545.75,20040603-20040603,20040603-20040603,HC,82003,,,,,164,
CHIPPENHAM JW HOSPITAL,24,541779911,MI,YTA983005651,BUNCE,CHARLOTTE,IL,1,BUNCE,CHARLOTTE,19700322,F,035002557092,035002557092,000000343321,1545.75,20040603-20040603,20040603-20040603,HC,80196,,,,,139,
CHIPPENHAM JW HOSPITAL,24,541779911,MI,YTA983005651,BUNCE,CHARLOTTE,IL,1,BUNCE,CHARLOTTE,19700322,F,035002557092,035002557092,000000343321,1545.75,20040603-20040603,20040603-20040603,HC,80048,,,,,122.75,
CHIPPENHAM JW HOSPITAL,24,541779911,MI,YTA983005651,BUNCE,CHARLOTTE,IL,1,BUNCE,CHARLOTTE,19700322,F,035002557092,035002557092,000000343321,1545.75,20040603-20040603,20040603-20040603,HC,85025,,,,,107,
CHIPPENHAM JW HOSPITAL,24,541779911,MI,YTA983005651,BUNCE,CHARLOTTE,IL,1,BUNCE,CHARLOTTE,19700322,F,035002557092,035002557092,000000343321,1545.75,20040603-20040603,20040603-20040603,HC,36000,,,,,75,
CHIPPENHAM JW HOSPITAL,24,541779911,MI,YTA983005651,BUNCE,CHARLOTTE,IL,1,BUNCE,CHARLOTTE,19700322,F,035002557092,035002557092,000000343321,1545.75,20040603-20040603,20040603-20040603,HC,99283,,,,,372,
CHIPPENHAM JW HOSPITAL,24,541779911,MI,YTA983005651,BUNCE,CHARLOTTE,IL,1,BUNCE,CHARLOTTE,19700322,F,035002557092,035002557092,000000343321,1545.75,20040603-20040603,20040603-20040603,HC,93000,,,,,239,
CHIPPENHAM JW HOSPITAL,24,541779911,MI,YTH15648059401,KMETZ,WALTER,QC,1,KMETZ,SARAH,19610808,F,035002128029,035002128029,000001281720,24059.63,20040512-20040517,20040517-20040517,,,,,,,2199.38,
CHIPPENHAM JW HOSPITAL,24,541779911,MI,YTH15648059401,KMETZ,WALTER,QC,1,KMETZ,SARAH,19610808,F,035002128029,035002128029,000001281720,24059.63,20040512-20040517,20040517-20040517,,,,,,,6079.5,
CHIPPENHAM JW HOSPITAL,24,541779911,MI,YTH15648059401,KMETZ,WALTER,QC,1,KMETZ,SARAH,19610808,F,035002128029,035002128029,000001281720,24059.63,20040512-20040517,20040517-20040517,,,,,,,1695.5,
CHIPPENHAM JW HOSPITAL,24,541779911,MI,YTH15648059401,KMETZ,WALTER,QC,1,KMETZ,SARAH,19610808,F,035002128029,035002128029,000001281720,24059.63,20040512-20040517,20040512-20040512,HC,85027,,,,,101.25,
CHIPPENHAM JW HOSPITAL,24,541779911,MI,YTH15648059401,KMETZ,WALTER,QC,1,KMETZ,SARAH,19610808,F,035002128029,035002128029,000001281720,24059.63,20040512-20040517,20040512-20040512,HC,86850,,,,,90,
CHIPPENHAM JW HOSPITAL,24,541779911,MI,YTH15648059401,KMETZ,WALTER,QC,1,KMETZ,SARAH,19610808,F,035002128029,035002128029,000001281720,24059.63,20040512-20040517,20040512-20040512,HC,86900,,,,,50,
CHIPPENHAM JW HOSPITAL,24,541779911,MI,YTH15648059401,KMETZ,WALTER,QC,1,KMETZ,SARAH,19610808,F,035002128029,035002128029,000001281720,24059.63,20040512-20040517,20040512-20040512,HC,86901,,,,,45,
CHIPPENHAM JW HOSPITAL,24,541779911,MI,YTH15648059401,KMETZ,WALTER,QC,1,KMETZ,SARAH,19610808,F,035002128029,035002128029,000001281720,24059.63,20040512-20040517,20040512-20040512,HC,36415,,,,,21,
CHIPPENHAM JW HOSPITAL,24,541779911,MI,YTH15648059401,KMETZ,WALTER,QC,1,KMETZ,SARAH,19610808,F,035002128029,035002128029,000001281720,24059.63,20040512-20040517,20040517-20040517,HC,88305,,,,,200.75,
CHIPPENHAM JW HOSPITAL,24,541779911,MI,YTH15648059401,KMETZ,WALTER,QC,1,KMETZ,SARAH,19610808,F,035002128029,035002128029,000001281720,24059.63,20040512-20040517,20040517-20040517,HC,58661,,,,,4277.85,
CHIPPENHAM JW HOSPITAL,24,541779911,MI,YTH15648059401,KMETZ,WALTER,QC,1,KMETZ,SARAH,19610808,F,035002128029,035002128029,000001281720,24059.63,20040512-20040517,20040517-20040517,HC,58660,,,,,2851.9,
CHIPPENHAM JW HOSPITAL,24,541779911,MI,YTH15648059401,KMETZ,WALTER,QC,1,KMETZ,SARAH,19610808,F,035002128029,035002128029,000001281720,24059.63,20040512-20040517,20040517-20040517,,,,,,,1963,
CHIPPENHAM JW HOSPITAL,24,541779911,MI,YTH15648059401,KMETZ,WALTER,QC,1,KMETZ,SARAH,19610808,F,035002128029,035002128029,000001281720,24059.63,20040512-20040517,20040517-20040517,,,,,,,4269.5,
CHIPPENHAM JW HOSPITAL,24,541779911,MI,YTH15648059401,KMETZ,WALTER,QC,1,KMETZ,SARAH,19610808,F,035002128029,035002128029,000001281720,24059.63,20040512-20040517,20040512-20040512,HC,93005,,,,,215,
CHIPPENHAM JW HOSPITAL,24,541779911,MI,YTH18946414900,YOUNG,DEBRA,IL,1,YOUNG,DEBRA,19540706,F,035002410838,035002410838,000001136096,394.5,20040607-20040607,20040607-20040607,HC,85027,,,,,250.75,
CHIPPENHAM JW HOSPITAL,24,541779911,MI,YTH18946414900,YOUNG,DEBRA,IL,1,YOUNG,DEBRA,19540706,F,035002410838,035002410838,000001136096,394.5,20040607-20040607,20040607-20040607,HC,80048,,,,,122.75,
CHIPPENHAM JW HOSPITAL,24,541779911,MI,YTH18946414900,YOUNG,DEBRA,IL,1,YOUNG,DEBRA,19540706,F,035002410838,035002410838,000001136096,394.5,20040607-20040607,20040607-20040607,HC,36415,,,,,21,
CHIPPENHAM JW HOSPITAL,24,541779911,MI,YTH22527114300,WOOTEN,JUDITH,IL,1,WOOTEN,JUDITH,19450924,F,035002589493,035002589493,000000462165,159,20040615-20040615,20040615-20040615,HC,76092,,,,,159,
CHIPPENHAM JW HOSPITAL,24,541779911,MI,YTH22881214600,VALDEZ,MARIA,IL,1,VALDEZ,MARIA,19670927,F,035002642081,035002642081,000001385590,1724,20040611-20040611,20040611-20040611,,,,,,,307,
CHIPPENHAM JW HOSPITAL,24,541779911,MI,YTH22881214600,VALDEZ,MARIA,IL,1,VALDEZ,MARIA,19670927,F,035002642081,035002642081,000001385590,1724,20040611-20040611,20040611-20040611,HC,86850,,,,,185,
CHIPPENHAM JW HOSPITAL,24,541779911,MI,YTH22881214600,VALDEZ,MARIA,IL,1,VALDEZ,MARIA,19670927,F,035002642081,035002642081,000001385590,1724,20040611-20040611,20040611-20040611,HC,76816,,,,,1023,
CHIPPENHAM JW HOSPITAL,24,541779911,MI,YTH22881214600,VALDEZ,MARIA,IL,1,VALDEZ,MARIA,19670927,F,035002642081,035002642081,000001385590,1724,20040611-20040611,20040611-20040611,HC,59025,,,,,209,
CHIPPENHAM JW HOSPITAL,24,541779911,MI,YTH23080195601,CARTER,BARBARA,QC,1,CARTER,CARLYLE,19520215,M,035002315709,035002315709,000001581361,935,20040517-20040517,20040517-20040517,HC,93880,,,,,935,
CHIPPENHAM JW HOSPITAL,24,541779911,MI,YTH23133155200,STUART,ANDREA,IL,1,STUART,ANDREA,19660126,F,035002534652,035002534652,000001141898,395.25,20040608-20040608,20040608-20040608,HC,80048,,,,,206.5,
CHIPPENHAM JW HOSPITAL,24,541779911,MI,YTH23133155200,STUART,ANDREA,IL,1,STUART,ANDREA,19660126,F,035002534652,035002534652,000001141898,395.25,20040608-20040608,20040608-20040608,HC,85027,,,,,101.25,
CHIPPENHAM JW HOSPITAL,24,541779911,MI,YTH23133155200,STUART,ANDREA,IL,1,STUART,ANDREA,19660126,F,035002534652,035002534652,000001141898,395.25,20040608-20040608,20040608-20040608,HC,81001,,,,,66.5,
CHIPPENHAM JW HOSPITAL,24,541779911,MI,YTH23133155200,STUART,ANDREA,IL,1,STUART,ANDREA,19660126,F,035002534652,035002534652,000001141898,395.25,20040608-20040608,20040608-20040608,HC,36415,,,,,21,
CHIPPENHAM JW HOSPITAL,24,541779911,MI,YTH23133155200,STUART,ANDREA,IL,1,STUART,ANDREA,19660126,F,035002534652,035002534652,000001141898,14539.46,20040614-20040614,20040614-20040614,,,,,,,748.71,
CHIPPENHAM JW HOSPITAL,24,541779911,MI,YTH23133155200,STUART,ANDREA,IL,1,STUART,ANDREA,19660126,F,035002534652,035002534652,000001141898,14539.46,20040614-20040614,20040614-20040614,,,,,,,3051.25,
CHIPPENHAM JW HOSPITAL,24,541779911,MI,YTH23133155200,STUART,ANDREA,IL,1,STUART,ANDREA,19660126,F,035002534652,035002534652,000001141898,14539.46,20040614-20040614,20040614-20040614,,,,,,,871.5,
CHIPPENHAM JW HOSPITAL,24,541779911,MI,YTH23133155200,STUART,ANDREA,IL,1,STUART,ANDREA,19660126,F,035002534652,035002534652,000001141898,14539.46,20040614-20040614,20040614-20040614,HC,58671,,,,,5499.25,
CHIPPENHAM JW HOSPITAL,24,541779911,MI,YTH23133155200,STUART,ANDREA,IL,1,STUART,ANDREA,19660126,F,035002534652,035002534652,000001141898,14539.46,20040614-20040614,20040614-20040614,,,,,,,1243,
CHIPPENHAM JW HOSPITAL,24,541779911,MI,YTH23133155200,STUART,ANDREA,IL,1,STUART,ANDREA,19660126,F,035002534652,035002534652,000001141898,14539.46,20040614-20040614,20040614-20040614,,,,,,,3125.75,
CHIPPENHAM JW HOSPITAL,24,541779911,MI,YTP209362174,BORTZ,WALTER,QC,1,BORTZ,LORRAINE,19431202,F,035002400786,035002400786,000001468611,159,20040525-20040525,20040525-20040525,HC,76090,,,,,159,
CHIPPENHAM JW HOSPITAL,24,541779911,MI,YTP224569543,WORSHAM,FLOYD,QC,1,WORSHAM,DOROTHEA,19420821,F,035002268277,035002268277,000001038793,1136,20040603-20040603,20040603-20040603,HC,76355,,,,,1136,
CHIPPENHAM JW HOSPITAL,24,541779911,MI,YTP225217205,KIDD,JASON,IL,1,KIDD,JASON,19691110,M,035002513862,035002513862,000000389104,346.84,20040531-20040531,20040531-20040531,,,,,,,67.84,
CHIPPENHAM JW HOSPITAL,24,541779911,MI,YTP225217205,KIDD,JASON,IL,1,KIDD,JASON,19691110,M,035002513862,035002513862,000000389104,346.84,20040531-20040531,20040531-20040531,,,,,,,128,
CHIPPENHAM JW HOSPITAL,24,541779911,MI,YTP225217205,KIDD,JASON,IL,1,KIDD,JASON,19691110,M,035002513862,035002513862,000000389104,346.84,20040531-20040531,20040531-20040531,HC,99281,,,,,151,
CHIPPENHAM JW HOSPITAL,24,541779911,MI,YTP227739717,LEON CORDERO,J,QC,1,LEON ROBLES,KEVIN,19990609,M,035002554072,035002554072,000001545733,1628.5,20040604-20040604,20040604-20040604,HC,82565,,,,,75.25,
CHIPPENHAM JW HOSPITAL,24,541779911,MI,YTP227739717,LEON CORDERO,J,QC,1,LEON ROBLES,KEVIN,19990609,M,035002554072,035002554072,000001545733,1628.5,20040604-20040604,20040604-20040604,HC,84520,,,,,75.25,
CHIPPENHAM JW HOSPITAL,24,541779911,MI,YTP227739717,LEON CORDERO,J,QC,1,LEON ROBLES,KEVIN,19990609,M,035002554072,035002554072,000001545733,1628.5,20040604-20040604,20040604-20040604,HC,36415,,,,,21,
CHIPPENHAM JW HOSPITAL,24,541779911,MI,YTP227739717,LEON CORDERO,J,QC,1,LEON ROBLES,KEVIN,19990609,M,035002554072,035002554072,000001545733,1628.5,20040604-20040604,20040604-20040604,HC,70450,,,,,1457,
CHIPPENHAM JW HOSPITAL,24,541779911,MI,YTP229689028,KREYE,WILLIAM,IL,1,KREYE,WILLIAM,19480707,M,035002457646,035002457646,000001019434,3086,20040524-20040524,20040524-20040524,HC,95811,,,,,3086,
CHIPPENHAM JW HOSPITAL,24,541779911,MI,YTP230476255,ANDERSON,PATRICE,IL,1,ANDERSON,PATRICE,19840813,F,035002633056,035002633056,000001079563,299.67,20040610-20040610,20040610-20040610,,,,,,,18.92,
CHIPPENHAM JW HOSPITAL,24,541779911,MI,YTP230476255,ANDERSON,PATRICE,IL,1,ANDERSON,PATRICE,19840813,F,035002633056,035002633056,000001079563,299.67,20040610-20040610,20040610-20040610,,,,,,,95.75,
CHIPPENHAM JW HOSPITAL,24,541779911,MI,YTP230476255,ANDERSON,PATRICE,IL,1,ANDERSON,PATRICE,19840813,F,035002633056,035002633056,000001079563,299.67,20040610-20040610,20040610-20040610,HC,94640,,,,,34,
CHIPPENHAM JW HOSPITAL,24,541779911,MI,YTP230476255,ANDERSON,PATRICE,IL,1,ANDERSON,PATRICE,19840813,F,035002633056,035002633056,000001079563,299.67,20040610-20040610,20040610-20040610,HC,99281,,,,,151,
CHIPPENHAM JW HOSPITAL,24,541779911,MI,YTP230729089,BASSETT,JEFFREY,QC,1,BASSETT,JEFFREY,19980807,M,035002564871,035002564871,000001336856,4992.25,20040608-20040608,20040608-20040608,,,,,,,832.75,
CHIPPENHAM JW HOSPITAL,24,541779911,MI,YTP230729089,BASSETT,JEFFREY,QC,1,BASSETT,JEFFREY,19980807,M,035002564871,035002564871,000001336856,4992.25,20040608-20040608,20040608-20040608,HC,69436,,,,,1041.45,
CHIPPENHAM JW HOSPITAL,24,541779911,MI,YTP230729089,BASSETT,JEFFREY,QC,1,BASSETT,JEFFREY,19980807,M,035002564871,035002564871,000001336856,4992.25,20040608-20040608,20040608-20040608,HC,69436,,,,,694.3,
CHIPPENHAM JW HOSPITAL,24,541779911,MI,YTP230729089,BASSETT,JEFFREY,QC,1,BASSETT,JEFFREY,19980807,M,035002564871,035002564871,000001336856,4992.25,20040608-20040608,20040608-20040608,,,,,,,723,
CHIPPENHAM JW HOSPITAL,24,541779911,MI,YTP230729089,BASSETT,JEFFREY,QC,1,BASSETT,JEFFREY,19980807,M,035002564871,035002564871,000001336856,4992.25,20040608-20040608,20040608-20040608,,,,,,,1700.75,
CHIPPENHAM JW HOSPITAL,24,541779911,MI,YTP301444981,WOLLENBURG,EILEEN,QC,1,WOLLENBURG,JOHN,19530316,M,035002541114,035002541114,000001396152,12839.2,20040602-20040603,20040603-20040603,,,,,,,350.95,
CHIPPENHAM JW HOSPITAL,24,541779911,MI,YTP301444981,WOLLENBURG,EILEEN,QC,1,WOLLENBURG,JOHN,19530316,M,035002541114,035002541114,000001396152,12839.2,20040602-20040603,20040603-20040603,,,,,,,255.25,
CHIPPENHAM JW HOSPITAL,24,541779911,MI,YTP301444981,WOLLENBURG,EILEEN,QC,1,WOLLENBURG,JOHN,19530316,M,035002541114,035002541114,000001396152,12839.2,20040602-20040603,20040603-20040603,,,,,,,1516.75,
CHIPPENHAM JW HOSPITAL,24,541779911,MI,YTP301444981,WOLLENBURG,EILEEN,QC,1,WOLLENBURG,JOHN,19530316,M,035002541114,035002541114,000001396152,12839.2,20040602-20040603,20040603-20040603,,,,,,,661,
CHIPPENHAM JW HOSPITAL,24,541779911,MI,YTP301444981,WOLLENBURG,EILEEN,QC,1,WOLLENBURG,JOHN,19530316,M,035002541114,035002541114,000001396152,12839.2,20040602-20040603,20040603-20040603,HC,C1760,,,,,680.25,
CHIPPENHAM JW HOSPITAL,24,541779911,MI,YTP301444981,WOLLENBURG,EILEEN,QC,1,WOLLENBURG,JOHN,19530316,M,035002541114,035002541114,000001396152,12839.2,20040602-20040603,20040602-20040602,HC,80048,,,,,203.75,
CHIPPENHAM JW HOSPITAL,24,541779911,MI,YTP301444981,WOLLENBURG,EILEEN,QC,1,WOLLENBURG,JOHN,19530316,M,035002541114,035002541114,000001396152,12839.2,20040602-20040603,20040602-20040602,HC,85027,,,,,101.25,
CHIPPENHAM JW HOSPITAL,24,541779911,MI,YTP301444981,WOLLENBURG,EILEEN,QC,1,WOLLENBURG,JOHN,19530316,M,035002541114,035002541114,000001396152,12839.2,20040602-20040603,20040602-20040602,HC,36415,,,,,21,
CHIPPENHAM JW HOSPITAL,24,541779911,MI,YTP301444981,WOLLENBURG,EILEEN,QC,1,WOLLENBURG,JOHN,19530316,M,035002541114,035002541114,000001396152,12839.2,20040602-20040603,20040602-20040602,HC,71020,,,,,290,
CHIPPENHAM JW HOSPITAL,24,541779911,MI,YTP301444981,WOLLENBURG,EILEEN,QC,1,WOLLENBURG,JOHN,19530316,M,035002541114,035002541114,000001396152,12839.2,20040602-20040603,20040603-20040603,HC,93508,,,,,5112,
CHIPPENHAM JW HOSPITAL,24,541779911,MI,YTP301444981,WOLLENBURG,EILEEN,QC,1,WOLLENBURG,JOHN,19530316,M,035002541114,035002541114,000001396152,12839.2,20040602-20040603,20040603-20040603,HC,93545,,,,,1704,
CHIPPENHAM JW HOSPITAL,24,541779911,MI,YTP301444981,WOLLENBURG,EILEEN,QC,1,WOLLENBURG,JOHN,19530316,M,035002541114,035002541114,000001396152,12839.2,20040602-20040603,20040603-20040603,HC,93556,,,,,1704,
CHIPPENHAM JW HOSPITAL,24,541779911,MI,YTP301444981,WOLLENBURG,EILEEN,QC,1,WOLLENBURG,JOHN,19530316,M,035002541114,035002541114,000001396152,12839.2,20040602-20040603,20040602-20040602,HC,93000,,,,,239,
CHIPPENHAM JW HOSPITAL,24,541779911,MI,YTP851030576,BUKOVITZ,ANDREW,IL,1,BUKOVITZ,ANDREW,19690331,M,035002481926,035002481926,000001581271,9719.95,20040526-20040526,20040526-20040526,,,,,,,801.75,
CHIPPENHAM JW HOSPITAL,24,541779911,MI,YTP851030576,BUKOVITZ,ANDREW,IL,1,BUKOVITZ,ANDREW,19690331,M,035002481926,035002481926,000001581271,9719.95,20040526-20040526,20040526-20040526,,,,,,,337.2,
CHIPPENHAM JW HOSPITAL,24,541779911,MI,YTP851030576,BUKOVITZ,ANDREW,IL,1,BUKOVITZ,ANDREW,19690331,M,035002481926,035002481926,000001581271,9719.95,20040526-20040526,20040526-20040526,,,,,,,920.5,
CHIPPENHAM JW HOSPITAL,24,541779911,MI,YTP851030576,BUKOVITZ,ANDREW,IL,1,BUKOVITZ,ANDREW,19690331,M,035002481926,035002481926,000001581271,9719.95,20040526-20040526,20040526-20040526,,,,,,,187.75,
CHIPPENHAM JW HOSPITAL,24,541779911,MI,YTP851030576,BUKOVITZ,ANDREW,IL,1,BUKOVITZ,ANDREW,19690331,M,035002481926,035002481926,000001581271,9719.95,20040526-20040526,20040526-20040526,HC,32120,,,,,4770.5,
CHIPPENHAM JW HOSPITAL,24,541779911,MI,YTP851030576,BUKOVITZ,ANDREW,IL,1,BUKOVITZ,ANDREW,19690331,M,035002481926,035002481926,000001581271,9719.95,20040526-20040526,20040526-20040526,,,,,,,1133,
CHIPPENHAM JW HOSPITAL,24,541779911,MI,YTP851030576,BUKOVITZ,ANDREW,IL,1,BUKOVITZ,ANDREW,19690331,M,035002481926,035002481926,000001581271,9719.95,20040526-20040526,20040526-20040526,,,,,,,1569.25,
CHIPPENHAM JW HOSPITAL,24,541779911,MI,YTP851032314,BROADWATER,HUNTER,IL,1,BROADWATER,HUNTER,20030304,M,035002412919,035002412919,000001519529,5308.01,20040527-20040527,20040527-20040527,,,,,,,258.51,
CHIPPENHAM JW HOSPITAL,24,541779911,MI,YTP851032314,BROADWATER,HUNTER,IL,1,BROADWATER,HUNTER,20030304,M,035002412919,035002412919,000001519529,5308.01,20040527-20040527,20040527-20040527,,,,,,,954,
CHIPPENHAM JW HOSPITAL,24,541779911,MI,YTP851032314,BROADWATER,HUNTER,IL,1,BROADWATER,HUNTER,20030304,M,035002412919,035002412919,000001519529,5308.01,20040527-20040527,20040527-20040527,HC,69436,,,,,937.05,
CHIPPENHAM JW HOSPITAL,24,541779911,MI,YTP851032314,BROADWATER,HUNTER,IL,1,BROADWATER,HUNTER,20030304,M,035002412919,035002412919,000001519529,5308.01,20040527-20040527,20040527-20040527,HC,69436,,,,,624.7,
CHIPPENHAM JW HOSPITAL,24,541779911,MI,YTP851032314,BROADWATER,HUNTER,IL,1,BROADWATER,HUNTER,20030304,M,035002412919,035002412919,000001519529,5308.01,20040527-20040527,20040527-20040527,,,,,,,683,
CHIPPENHAM JW HOSPITAL,24,541779911,MI,YTP851032314,BROADWATER,HUNTER,IL,1,BROADWATER,HUNTER,20030304,M,035002412919,035002412919,000001519529,5308.01,20040527-20040527,20040527-20040527,,,,,,,1850.75,
CHIPPENHAM JW HOSPITAL,24,541779911,MI,YTV071401796,ABDURRASHID,TAHIR,QC,1,JOSEPHS,ASHAKI,19810808,F,035002600401,035002600401,000001524085,2307,20040607-20040608,20040607-20040607,,,,,,,255,
CHIPPENHAM JW HOSPITAL,24,541779911,MI,YTV071401796,ABDURRASHID,TAHIR,QC,1,JOSEPHS,ASHAKI,19810808,F,035002600401,035002600401,000001524085,2307,20040607-20040608,20040607-20040607,HC,80048,,,,,122.75,
CHIPPENHAM JW HOSPITAL,24,541779911,MI,YTV071401796,ABDURRASHID,TAHIR,QC,1,JOSEPHS,ASHAKI,19810808,F,035002600401,035002600401,000001524085,2307,20040607-20040608,20040607-20040607,HC,85027,,,,,101.25,
CHIPPENHAM JW HOSPITAL,24,541779911,MI,YTV071401796,ABDURRASHID,TAHIR,QC,1,JOSEPHS,ASHAKI,19810808,F,035002600401,035002600401,000001524085,2307,20040607-20040608,20040607-20040607,HC,70450,,,,,1457,
CHIPPENHAM JW HOSPITAL,24,541779911,MI,YTV071401796,ABDURRASHID,TAHIR,QC,1,JOSEPHS,ASHAKI,19810808,F,035002600401,035002600401,000001524085,2307,20040607-20040608,20040607-20040607,HC,36000,,,,,75,
CHIPPENHAM JW HOSPITAL,24,541779911,MI,YTV071401796,ABDURRASHID,TAHIR,QC,1,JOSEPHS,ASHAKI,19810808,F,035002600401,035002600401,000001524085,2307,20040607-20040608,20040607-20040607,HC,99282,,,,,246,
CHIPPENHAM JW HOSPITAL,24,541779911,MI,YTV071401796,ABDURRASHID,TAHIR,QC,1,JOSEPHS,ASHAKI,19810808,F,035002600401,035002600401,000001524085,2307,20040607-20040608,20040607-20040607,HC,90784,,,,,50,
CHIPPENHAM JW HOSPITAL,24,541779911,MI,YTV225119931,PRINCEJENNINGS,TENEIKA,IL,1,PRINCEJENNINGS,TENEIKA,19760312,F,035002613434,035002613434,000000477595,1565.75,20040608-20040609,20040608-20040608,,,,,,,267,
CHIPPENHAM JW HOSPITAL,24,541779911,MI,YTV225119931,PRINCEJENNINGS,TENEIKA,IL,1,PRINCEJENNINGS,TENEIKA,19760312,F,035002613434,035002613434,000000477595,1565.75,20040608-20040609,20040609-20040609,HC,80048,,,,,122.75,
CHIPPENHAM JW HOSPITAL,24,541779911,MI,YTV225119931,PRINCEJENNINGS,TENEIKA,IL,1,PRINCEJENNINGS,TENEIKA,19760312,F,035002613434,035002613434,000000477595,1565.75,20040608-20040609,20040609-20040609,HC,85025,,,,,107,
CHIPPENHAM JW HOSPITAL,24,541779911,MI,YTV225119931,PRINCEJENNINGS,TENEIKA,IL,1,PRINCEJENNINGS,TENEIKA,19760312,F,035002613434,035002613434,000000477595,1565.75,20040608-20040609,20040609-20040609,HC,86850,,,,,90,
CHIPPENHAM JW HOSPITAL,24,541779911,MI,YTV225119931,PRINCEJENNINGS,TENEIKA,IL,1,PRINCEJENNINGS,TENEIKA,19760312,F,035002613434,035002613434,000000477595,1565.75,20040608-20040609,20040609-20040609,HC,86900,,,,,50,
CHIPPENHAM JW HOSPITAL,24,541779911,MI,YTV225119931,PRINCEJENNINGS,TENEIKA,IL,1,PRINCEJENNINGS,TENEIKA,19760312,F,035002613434,035002613434,000000477595,1565.75,20040608-20040609,20040609-20040609,HC,86901,,,,,45,
CHIPPENHAM JW HOSPITAL,24,541779911,MI,YTV225119931,PRINCEJENNINGS,TENEIKA,IL,1,PRINCEJENNINGS,TENEIKA,19760312,F,035002613434,035002613434,000000477595,1565.75,20040608-20040609,20040609-20040609,HC,76801,,,,,512,
CHIPPENHAM JW HOSPITAL,24,541779911,MI,YTV225119931,PRINCEJENNINGS,TENEIKA,IL,1,PRINCEJENNINGS,TENEIKA,19760312,F,035002613434,035002613434,000000477595,1565.75,20040608-20040609,20040608-20040608,HC,99283,,,,,372,
CHIPPENHAM JW HOSPITAL,24,541779911,MI,YTX109741624,BLACK,SHALONDA,QC,1,BLACK,ROMELO,20010111,M,035002493527,035002493527,000001448376,282,20040527-20040527,20040527-20040527,,,,,,,36,
CHIPPENHAM JW HOSPITAL,24,541779911,MI,YTX109741624,BLACK,SHALONDA,QC,1,BLACK,ROMELO,20010111,M,035002493527,035002493527,000001448376,282,20040527-20040527,20040527-20040527,HC,99282,,,,,246,
CHIPPENHAM JW HOSPITAL,24,541779911,MI,YTX223685474,WHITEHEAD,KATHREN,IL,1,WHITEHEAD,KATHREN,19470719,F,035002455882,035002455882,000001362485,382.75,20040603-20040603,20040603-20040603,HC,80048,,,,,122.75,
CHIPPENHAM JW HOSPITAL,24,541779911,MI,YTX223685474,WHITEHEAD,KATHREN,IL,1,WHITEHEAD,KATHREN,19470719,F,035002455882,035002455882,000001362485,382.75,20040603-20040603,20040603-20040603,HC,36415,,,,,21,
CHIPPENHAM JW HOSPITAL,24,541779911,MI,YTX223685474,WHITEHEAD,KATHREN,IL,1,WHITEHEAD,KATHREN,19470719,F,035002455882,035002455882,000001362485,382.75,20040603-20040603,20040603-20040603,HC,93000,,,,,239,
CHIPPENHAM JW HOSPITAL,24,541779911,MI,YTX223685474,WHITEHEAD,KATHREN,IL,1,WHITEHEAD,KATHREN,19470719,F,035002455882,035002455882,000001362485,7223.63,20040614-20040614,20040614-20040614,,,,,,,792.78,
CHIPPENHAM JW HOSPITAL,24,541779911,MI,YTX223685474,WHITEHEAD,KATHREN,IL,1,WHITEHEAD,KATHREN,19470719,F,035002455882,035002455882,000001362485,7223.63,20040614-20040614,20040614-20040614,,,,,,,168.6,
CHIPPENHAM JW HOSPITAL,24,541779911,MI,YTX223685474,WHITEHEAD,KATHREN,IL,1,WHITEHEAD,KATHREN,19470719,F,035002455882,035002455882,000001362485,7223.63,20040614-20040614,20040614-20040614,,,,,,,359.25,
CHIPPENHAM JW HOSPITAL,24,541779911,MI,YTX223685474,WHITEHEAD,KATHREN,IL,1,WHITEHEAD,KATHREN,19470719,F,035002455882,035002455882,000001362485,7223.63,20040614-20040614,20040614-20040614,,,,,,,174.25,
CHIPPENHAM JW HOSPITAL,24,541779911,MI,YTX223685474,WHITEHEAD,KATHREN,IL,1,WHITEHEAD,KATHREN,19470719,F,035002455882,035002455882,000001362485,7223.63,20040614-20040614,20040614-20040614,HC,88305,,,,,200.75,
CHIPPENHAM JW HOSPITAL,24,541779911,MI,YTX223685474,WHITEHEAD,KATHREN,IL,1,WHITEHEAD,KATHREN,19470719,F,035002455882,035002455882,000001362485,7223.63,20040614-20040614,20040614-20040614,HC,11422,,,,,3048,
CHIPPENHAM JW HOSPITAL,24,541779911,MI,YTX223685474,WHITEHEAD,KATHREN,IL,1,WHITEHEAD,KATHREN,19470719,F,035002455882,035002455882,000001362485,7223.63,20040614-20040614,20040614-20040614,,,,,,,873,
CHIPPENHAM JW HOSPITAL,24,541779911,MI,YTX223685474,WHITEHEAD,KATHREN,IL,1,WHITEHEAD,KATHREN,19470719,F,035002455882,035002455882,000001362485,7223.63,20040614-20040614,20040614-20040614,,,,,,,1607,
CHIPPENHAM JW HOSPITAL,24,541779911,MI,YTX224433903,STONNELL,STEVEN,QC,1,HARRISON,MORGAN,19990104,M,035002358901,035002358901,000001444957,1273.34,20040513-20040514,20040513-20040513,,,,,,,92.34,
CHIPPENHAM JW HOSPITAL,24,541779911,MI,YTX224433903,STONNELL,STEVEN,QC,1,HARRISON,MORGAN,19990104,M,035002358901,035002358901,000001444957,1273.34,20040513-20040514,20040513-20040513,,,,,,,315,
CHIPPENHAM JW HOSPITAL,24,541779911,MI,YTX224433903,STONNELL,STEVEN,QC,1,HARRISON,MORGAN,19990104,M,035002358901,035002358901,000001444957,1273.34,20040513-20040514,20040513-20040513,HC,73030,,,,,495,
CHIPPENHAM JW HOSPITAL,24,541779911,MI,YTX224433903,STONNELL,STEVEN,QC,1,HARRISON,MORGAN,19990104,M,035002358901,035002358901,000001444957,1273.34,20040513-20040514,20040513-20040513,HC,36000,,,,,75,
CHIPPENHAM JW HOSPITAL,24,541779911,MI,YTX224433903,STONNELL,STEVEN,QC,1,HARRISON,MORGAN,19990104,M,035002358901,035002358901,000001444957,1273.34,20040513-20040514,20040513-20040513,HC,99282,,,,,246,
CHIPPENHAM JW HOSPITAL,24,541779911,MI,YTX224433903,STONNELL,STEVEN,QC,1,HARRISON,MORGAN,19990104,M,035002358901,035002358901,000001444957,1273.34,20040513-20040514,20040513-20040513,HC,90784,,,,,50,
CHIPPENHAM JW HOSPITAL,24,541779911,MI,YTX225232566,FOBBS,WILLIE,QC,1,FOBBS SHIELDS,WAMBURA,19890928,F,035002358785,035002358785,000001364115,991.75,20040513-20040513,20040513-20040513,,,,,,,289,
CHIPPENHAM JW HOSPITAL,24,541779911,MI,YTX225232566,FOBBS,WILLIE,QC,1,FOBBS SHIELDS,WAMBURA,19890928,F,035002358785,035002358785,000001364115,991.75,20040513-20040513,20040513-20040513,HC,73610,,,,,330.75,
CHIPPENHAM JW HOSPITAL,24,541779911,MI,YTX225232566,FOBBS,WILLIE,QC,1,FOBBS SHIELDS,WAMBURA,19890928,F,035002358785,035002358785,000001364115,991.75,20040513-20040513,20040513-20040513,HC,99283,,,,,372,
CHIPPENHAM JW HOSPITAL,24,541779911,MI,YTX227862576,JOHNSON,PERCELL,QC,1,JOHNSON,SHAR RON,19871112,F,035002565467,035002565467,000000340921,248.94,20040603-20040603,20040603-20040603,,,,,,,2.94,
CHIPPENHAM JW HOSPITAL,24,541779911,MI,YTX227862576,JOHNSON,PERCELL,QC,1,JOHNSON,SHAR RON,19871112,F,035002565467,035002565467,000000340921,248.94,20040603-20040603,20040603-20040603,HC,99282,,,,,246,
CHIPPENHAM JW HOSPITAL,24,541779911,MI,YTX22788782603,GOODELL,ZACHARY,QC,1,GOODELL,ALEXANDRA,20040520,F,035002443875,035002443875,000001583202,392,20040523-20040523,20040523-20040523,,,,,,,241,
CHIPPENHAM JW HOSPITAL,24,541779911,MI,YTX22788782603,GOODELL,ZACHARY,QC,1,GOODELL,ALEXANDRA,20040520,F,035002443875,035002443875,000001583202,392,20040523-20040523,20040523-20040523,HC,99281,,,,,151,
CHIPPENHAM JW HOSPITAL,24,541779911,MI,YTX229359354,FERRELL,TERESA,QC,1,SANDERSON,DESTINY,19851212,F,035001982802,035001982802,000001360426,1380,20040528-20040528,20040528-20040528,HC,76856,,,,,804,
CHIPPENHAM JW HOSPITAL,24,541779911,MI,YTX229359354,FERRELL,TERESA,QC,1,SANDERSON,DESTINY,19851212,F,035001982802,035001982802,000001360426,1380,20040528-20040528,20040528-20040528,HC,76830,,,,,576,
CHIPPENHAM JW HOSPITAL,24,541779911,MI,YTX229503547,CRAWLEY,HAZEL,IL,1,CRAWLEY,HAZEL,19400909,F,035002447479,035002447479,000001255674,29292.14,20040524-20040525,20040524-20040524,,,,,,,2313.55,
CHIPPENHAM JW HOSPITAL,24,541779911,MI,YTX229503547,CRAWLEY,HAZEL,IL,1,CRAWLEY,HAZEL,19400909,F,035002447479,035002447479,000001255674,29292.14,20040524-20040525,20040525-20040525,,,,,,,782.98,
CHIPPENHAM JW HOSPITAL,24,541779911,MI,YTX229503547,CRAWLEY,HAZEL,IL,1,CRAWLEY,HAZEL,19400909,F,035002447479,035002447479,000001255674,29292.14,20040524-20040525,20040525-20040525,,,,,,,114.32,
CHIPPENHAM JW HOSPITAL,24,541779911,MI,YTX229503547,CRAWLEY,HAZEL,IL,1,CRAWLEY,HAZEL,19400909,F,035002447479,035002447479,000001255674,29292.14,20040524-20040525,20040524-20040524,,,,,,,53.37,
CHIPPENHAM JW HOSPITAL,24,541779911,MI,YTX229503547,CRAWLEY,HAZEL,IL,1,CRAWLEY,HAZEL,19400909,F,035002447479,035002447479,000001255674,29292.14,20040524-20040525,20040525-20040525,,,,,,,16.36,
CHIPPENHAM JW HOSPITAL,24,541779911,MI,YTX229503547,CRAWLEY,HAZEL,IL,1,CRAWLEY,HAZEL,19400909,F,035002447479,035002447479,000001255674,29292.14,20040524-20040525,20040524-20040524,,,,,,,222.25,
CHIPPENHAM JW HOSPITAL,24,541779911,MI,YTX229503547,CRAWLEY,HAZEL,IL,1,CRAWLEY,HAZEL,19400909,F,035002447479,035002447479,000001255674,29292.14,20040524-20040525,20040525-20040525,,,,,,,500.54,
CHIPPENHAM JW HOSPITAL,24,541779911,MI,YTX229503547,CRAWLEY,HAZEL,IL,1,CRAWLEY,HAZEL,19400909,F,035002447479,035002447479,000001255674,29292.14,20040524-20040525,20040524-20040524,,,,,,,250.27,
CHIPPENHAM JW HOSPITAL,24,541779911,MI,YTX229503547,CRAWLEY,HAZEL,IL,1,CRAWLEY,HAZEL,19400909,F,035002447479,035002447479,000001255674,29292.14,20040524-20040525,20040524-20040524,,,,,,,1950.5,
CHIPPENHAM JW HOSPITAL,24,541779911,MI,YTX229503547,CRAWLEY,HAZEL,IL,1,CRAWLEY,HAZEL,19400909,F,035002447479,035002447479,000001255674,29292.14,20040524-20040525,20040524-20040524,,,,,,,1712,
CHIPPENHAM JW HOSPITAL,24,541779911,MI,YTX229503547,CRAWLEY,HAZEL,IL,1,CRAWLEY,HAZEL,19400909,F,035002447479,035002447479,000001255674,29292.14,20040524-20040525,20040524-20040524,HC,L8699,,,,,4181.5,
CHIPPENHAM JW HOSPITAL,24,541779911,MI,YTX229503547,CRAWLEY,HAZEL,IL,1,CRAWLEY,HAZEL,19400909,F,035002447479,035002447479,000001255674,29292.14,20040524-20040525,20040524-20040524,HC,80048,,,,,122.75,
CHIPPENHAM JW HOSPITAL,24,541779911,MI,YTX229503547,CRAWLEY,HAZEL,IL,1,CRAWLEY,HAZEL,19400909,F,035002447479,035002447479,000001255674,29292.14,20040524-20040525,20040524-20040524,HC,85025,,,,,107,
CHIPPENHAM JW HOSPITAL,24,541779911,MI,YTX229503547,CRAWLEY,HAZEL,IL,1,CRAWLEY,HAZEL,19400909,F,035002447479,035002447479,000001255674,29292.14,20040524-20040525,20040524-20040524,HC,82962,,,,,97,
CHIPPENHAM JW HOSPITAL,24,541779911,MI,YTX229503547,CRAWLEY,HAZEL,IL,1,CRAWLEY,HAZEL,19400909,F,035002447479,035002447479,000001255674,29292.14,20040524-20040525,20040525-20040525,HC,85018,,,,,33,
CHIPPENHAM JW HOSPITAL,24,541779911,MI,YTX229503547,CRAWLEY,HAZEL,IL,1,CRAWLEY,HAZEL,19400909,F,035002447479,035002447479,000001255674,29292.14,20040524-20040525,20040524-20040524,HC,36415,,,,,21,
CHIPPENHAM JW HOSPITAL,24,541779911,MI,YTX229503547,CRAWLEY,HAZEL,IL,1,CRAWLEY,HAZEL,19400909,F,035002447479,035002447479,000001255674,29292.14,20040524-20040525,20040525-20040525,HC,36415,,,,,21,
CHIPPENHAM JW HOSPITAL,24,541779911,MI,YTX229503547,CRAWLEY,HAZEL,IL,1,CRAWLEY,HAZEL,19400909,F,035002447479,035002447479,000001255674,29292.14,20040524-20040525,20040524-20040524,HC,36832,,,,,11329.25,
CHIPPENHAM JW HOSPITAL,24,541779911,MI,YTX229503547,CRAWLEY,HAZEL,IL,1,CRAWLEY,HAZEL,19400909,F,035002447479,035002447479,000001255674,29292.14,20040524-20040525,20040524-20040524,,,,,,,2123,
CHIPPENHAM JW HOSPITAL,24,541779911,MI,YTX229503547,CRAWLEY,HAZEL,IL,1,CRAWLEY,HAZEL,19400909,F,035002447479,035002447479,000001255674,29292.14,20040524-20040525,20040524-20040524,,,,,,,2544.5,
CHIPPENHAM JW HOSPITAL,24,541779911,MI,YTX229503547,CRAWLEY,HAZEL,IL,1,CRAWLEY,HAZEL,19400909,F,035002447479,035002447479,000001255674,29292.14,20040524-20040525,20040524-20040524,HC,93000,,,,,239,
CHIPPENHAM JW HOSPITAL,24,541779911,MI,YTX229503547,CRAWLEY,HAZEL,IL,1,CRAWLEY,HAZEL,19400909,F,035002447479,035002447479,000001255674,29292.14,20040524-20040525,20040525-20040525,,,,,,,557,
CHIPPENHAM JW HOSPITAL,24,541779911,MI,YTX230062941,SIMMONS,PRISCILLA,IL,1,SIMMONS,PRISCILLA,19621113,F,035002536593,035002536593,000001584364,505,20040608-20040608,20040608-20040608,HC,80048,,,,,122.75,
CHIPPENHAM JW HOSPITAL,24,541779911,MI,YTX230062941,SIMMONS,PRISCILLA,IL,1,SIMMONS,PRISCILLA,19621113,F,035002536593,035002536593,000001584364,505,20040608-20040608,20040608-20040608,HC,85027,,,,,101.25,
CHIPPENHAM JW HOSPITAL,24,541779911,MI,YTX230062941,SIMMONS,PRISCILLA,IL,1,SIMMONS,PRISCILLA,19621113,F,035002536593,035002536593,000001584364,505,20040608-20040608,20040608-20040608,HC,36415,,,,,42,
CHIPPENHAM JW HOSPITAL,24,541779911,MI,YTX230062941,SIMMONS,PRISCILLA,IL,1,SIMMONS,PRISCILLA,19621113,F,035002536593,035002536593,000001584364,505,20040608-20040608,20040608-20040608,HC,93000,,,,,239,
CHIPPENHAM JW HOSPITAL,24,541779911,MI,YTX231319553,WALLS,TINA,IL,1,WALLS,TINA,19661109,F,035002598264,035002598264,000001581175,14590.25,20040614-20040614,20040614-20040614,,,,,,,1701.5,
CHIPPENHAM JW HOSPITAL,24,541779911,MI,YTX231319553,WALLS,TINA,IL,1,WALLS,TINA,19661109,F,035002598264,035002598264,000001581175,14590.25,20040614-20040614,20040614-20040614,,,,,,,4049,
CHIPPENHAM JW HOSPITAL,24,541779911,MI,YTX231319553,WALLS,TINA,IL,1,WALLS,TINA,19661109,F,035002598264,035002598264,000001581175,14590.25,20040614-20040614,20040614-20040614,,,,,,,644.75,
CHIPPENHAM JW HOSPITAL,24,541779911,MI,YTX231319553,WALLS,TINA,IL,1,WALLS,TINA,19661109,F,035002598264,035002598264,000001581175,14590.25,20040614-20040614,20040614-20040614,HC,88304,,,,,139.5,
CHIPPENHAM JW HOSPITAL,24,541779911,MI,YTX231319553,WALLS,TINA,IL,1,WALLS,TINA,19661109,F,035002598264,035002598264,000001581175,14590.25,20040614-20040614,20040614-20040614,HC,47562,,,,,4836.75,
CHIPPENHAM JW HOSPITAL,24,541779911,MI,YTX231319553,WALLS,TINA,IL,1,WALLS,TINA,19661109,F,035002598264,035002598264,000001581175,14590.25,20040614-20040614,20040614-20040614,,,,,,,1143,
CHIPPENHAM JW HOSPITAL,24,541779911,MI,YTX231319553,WALLS,TINA,IL,1,WALLS,TINA,19661109,F,035002598264,035002598264,000001581175,14590.25,20040614-20040614,20040614-20040614,,,,,,,2075.75,
CHIPPENHAM JW HOSPITAL,24,541779911,MI,YTX250692832,HINES,REHELEN,QC,1,HINES,JAELEN,20040509,M,035002403465,035002403465,000001581250,151,20040519-20040519,20040519-20040519,HC,99281,,,,,151,
CHIPPENHAM JW HOSPITAL,24,541779911,MI,YTX250692832,HINES,REHELEN,QC,1,HINES,JAELEN,20040509,M,035002403592,035002403592,000001581250,740.5,20040519-20040519,20040519-20040519,HC,81001,,,,,66.5,
CHIPPENHAM JW HOSPITAL,24,541779911,MI,YTX250692832,HINES,REHELEN,QC,1,HINES,JAELEN,20040509,M,035002403592,035002403592,000001581250,740.5,20040519-20040519,20040519-20040519,HC,74022,,,,,428,
CHIPPENHAM JW HOSPITAL,24,541779911,MI,YTX250692832,HINES,REHELEN,QC,1,HINES,JAELEN,20040509,M,035002403592,035002403592,000001581250,740.5,20040519-20040519,20040519-20040519,HC,99282,,,,,246,
CHIPPENHAM JW HOSPITAL,24,541779911,MI,YTX327541300,GRAHAM,WILLIAM,QC,1,GHAHAM,GORDON,19960330,M,035002492765,035002492765,000001155534,1597.25,20040527-20040527,20040527-20040527,,,,,,,97.25,
CHIPPENHAM JW HOSPITAL,24,541779911,MI,YTX327541300,GRAHAM,WILLIAM,QC,1,GHAHAM,GORDON,19960330,M,035002492765,035002492765,000001155534,1597.25,20040527-20040527,20040527-20040527,,,,,,,243,
CHIPPENHAM JW HOSPITAL,24,541779911,MI,YTX327541300,GRAHAM,WILLIAM,QC,1,GHAHAM,GORDON,19960330,M,035002492765,035002492765,000001155534,1597.25,20040527-20040527,20040527-20040527,HC,12011,,,,,936,
CHIPPENHAM JW HOSPITAL,24,541779911,MI,YTX327541300,GRAHAM,WILLIAM,QC,1,GHAHAM,GORDON,19960330,M,035002492765,035002492765,000001155534,1597.25,20040527-20040527,20040527-20040527,HC,36000,,,,,75,
CHIPPENHAM JW HOSPITAL,24,541779911,MI,YTX327541300,GRAHAM,WILLIAM,QC,1,GHAHAM,GORDON,19960330,M,035002492765,035002492765,000001155534,1597.25,20040527-20040527,20040527-20040527,HC,99282,,,,,246,
