PATIENT FIRST - SHORT PUMP,SV,541677022,MI,YTX154563989,ROSE,TODD,1,IL,ROSE,TODD,19710708,M,126325911,126325911,,238,,20040617,HC,99203,,,,,130,
PATIENT FIRST - SHORT PUMP,SV,541677022,MI,YTX154563989,ROSE,TODD,1,IL,ROSE,TODD,19710708,M,126325911,126325911,,238,,20040617,HC,36415,,,,,27,
PATIENT FIRST - SHORT PUMP,SV,541677022,MI,YTX154563989,ROSE,TODD,1,IL,ROSE,TODD,19710708,M,126325911,126325911,,238,,20040617,HC,81002,,,,,17,
PATIENT FIRST - SHORT PUMP,SV,541677022,MI,YTX154563989,ROSE,TODD,1,IL,ROSE,TODD,19710708,M,126325911,126325911,,238,,20040617,HC,85007,,,,,10,
PATIENT FIRST - SHORT PUMP,SV,541677022,MI,YTX154563989,ROSE,TODD,1,IL,ROSE,TODD,19710708,M,126325911,126325911,,238,,20040617,HC,85027,,,,,28,
PATIENT FIRST - SHORT PUMP,SV,541677022,MI,YTX154563989,ROSE,TODD,1,IL,ROSE,TODD,19710708,M,126325911,126325911,,238,,20040617,HC,99050,,,,,26,
PATIENT FIRST - CARYTOWN,SV,541677022,MI,YTH22715684700,FARRALL,TAMARA,1,IL,FARRALL,TAMARA,19730103,F,115115713,115115713,,98,,20040605,HC,99213,,,,,72,
PATIENT FIRST - CARYTOWN,SV,541677022,MI,YTH22715684700,FARRALL,TAMARA,1,IL,FARRALL,TAMARA,19730103,F,115115713,115115713,,98,,20040605,HC,99050,,,,,26,
