Health Care Associates,SV,987666666,QC,1,Smith,Fred,MI,123456789A,19330706,M,1722634842,9918046978,J354789,75,19960104-19960402,HC,99214,null,null,null,null,75,6042201,19960401-19960402
Health Care Associates,SV,987666666,QC,1,Ray,Lisa,MI,123456789A,19330706,M,1722634842,9918046978,J354789,75,19960104-19960402,HC,99214,null,null,null,null,75,6042201,19960401-19960402
Health Care Associates,SV,987666666,QC,1,Higgins,Norman,MI,123456789A,19330706,M,1722634842,9918046978,J354789,75,19960104-19960402,HC,99214,null,null,null,null,75,6042201,19960401-19960402
Health Care Associates,SV,987666666,QC,1,Wills,Amanda,MI,123456789A,19330706,M,1722634842,9918046978,J354789,75,19960104-19960402,HC,99214,null,null,null,null,75,6042201,19960401-19960402
Health Care Associates,SV,987666666,QC,1,Craig,Jonathan,MI,123456789A,19330706,M,1722634842,9918046978,J354789,75,19960104-19960402,HC,99214,null,null,null,null,75,6042201,19960401-19960402
Health Care Associates,SV,987666666,QC,1,King,Alyssa,MI,123456789A,19330706,M,1722634842,9918046978,J354789,75,19960104-19960402,HC,99214,null,null,null,null,75,6042201,19960401-19960402
Health Care Associates,SV,987666666,QC,1,Dillon,Bob,MI,123456789A,19330706,M,1722634842,9918046978,J354789,75,19960104-19960402,HC,99214,null,null,null,null,75,6042201,19960401-19960402
Health Care Associates,SV,987666666,QC,1,Kahn,Coleen,MI,123456789A,19330706,M,1722634842,9918046978,J354789,75,19960104-19960402,HC,99214,null,null,null,null,75,6042201,19960401-19960402
Health Care Associates,SV,987666666,QC,1,Rodricks,Yudi,MI,123456789A,19330706,M,1722634842,9918046978,J354789,75,19960104-19960402,HC,99214,null,null,null,null,75,6042201,19960401-19960402
Health Care Associates,SV,987666666,QC,1,Hawn,Goldie,MI,123456789A,19330706,M,1722634842,9918046978,J354789,75,19960104-19960402,HC,99214,null,null,null,null,75,6042201,19960401-19960402
