<?xml version="1.0"?>
<doc>
    <assembly>
        <name>LicensePack</name>
    </assembly>
    <members>
        <member name="T:LicensePack.ContactPointType">
            <summary>
            A ContactPointType is a definition of further type within a ContactPoint object.
            This provides the Power Type pattern of an object having further revision to its 
            runtime type without introduction of a new class.
            </summary>
        </member>
        <member name="T:LicensePack.MaritalStatus">
            <summary>
            Use this enumeration to specify your optional marital status.
            </summary>
        </member>
        <member name="T:LicensePack.ContactPoint">
            <summary>
            A ContractPoint is an abstract communication address to generically
            contain a mail, phone, etc.
            ContactPoint is a Power Type that varies its runtime type without changing class.
            </summary>
        </member>
        <member name="T:LicensePack.Address">
            <summary>
            A Address defines a particular physical location with the US address format.
            </summary>
        </member>
        <member name="T:LicensePack.Person">
            <summary>
            Person defines a single individual. Contact and address data is provided
            along with basic demographics.
            </summary>
        </member>
        <member name="T:LicensePack.Product">
            <summary>
            Product refers to a specific product offering.
            </summary>
        </member>
        <member name="T:LicensePack.License">
            <summary>
            License is stored by a user and references a product, along with the
            number of licenses used and available.
            </summary>
        </member>
        <member name="P:LicensePack.License.DaysRemaining">
            <summary>
            This is the number of days remaining in the license.
            </summary>
        </member>
        <member name="P:LicensePack.License.PerpetualLicense">
            <summary>
            If the license date is set to max value, this is a full perpetual license.
            </summary>
        </member>
        <member name="T:LicensePack.LicenseDialogForm">
            <summary>
            Summary description for DisintegratorOptions.
            </summary>
        </member>
        <member name="F:LicensePack.LicenseDialogForm.components">
            <summary>
            Required designer variable.
            </summary>
        </member>
        <member name="M:LicensePack.LicenseDialogForm.Dispose(System.Boolean)">
            <summary>
            Clean up any resources being used.
            </summary>
        </member>
        <member name="M:LicensePack.LicenseDialogForm.InitializeComponent">
            <summary>
            Required method for Designer support - do not modify
            the contents of this method with the code editor.
            </summary>
        </member>
        <member name="T:LicensePack.ServiceInterface">
            <summary>
            ServiceInterface provides the main operations for licensing.
            </summary>
            <remarks>
            The main server side interface is focused on granting the license. Here is a sample, using the 
            File Disintegrator SKU (the part that identifies the base product, we're not concerned with the
            count pack part for license purposese).
            <code>
            			
            Person p = new Person();
            p.SigninName = "wballard@mailframe.net";
            Product pro = new Product();
            pro.Sku = "PA-FD";
            ServiceInterface si = new ServiceInterface();
            si.Salt = "{FE8E2130-5739-45ef-8273-8F3549437927}";
            License lic = si.GrantNewLicense(p,pro);
            si.TransmitLicense(lic,"licenses@privacyarmor.com","Your Disintegrator License",new System.IO.FileInfo("../../Sample.txt"));
             
            </code>
            </remarks>
        </member>
        <member name="F:LicensePack.ServiceInterface.EvaluationPeriod">
            <summary>
            This is our standard evaluation period.
            </summary>
        </member>
        <member name="F:LicensePack.ServiceInterface.Salt">
            <summary>
            Cryptographic salt for license validation
            </summary>
        </member>
        <member name="M:LicensePack.ServiceInterface.GrantNewLicense(LicensePack.Person,LicensePack.Product)">
            <summary>
            This will create a new License for a product and person using the internal encryption
            routines.
            </summary>
            <param name="person"></param>
            <param name="product"></param>
            <returns></returns>
        </member>
        <member name="M:LicensePack.ServiceInterface.ValidateLicense(LicensePack.Person,LicensePack.License)">
            <summary>
            This will validate that a person is the owner of a license. You will need to fill in
            the product on the license.
            </summary>
            <param name="person"></param>
            <param name="license"></param>
            <returns></returns>
        </member>
        <member name="M:LicensePack.ServiceInterface.WriteLocalLicense(LicensePack.License)">
            <summary>
            Write out a license to the local host for later retreival.
            </summary>
            <param name="license">The license with the person and product set.</param>
        </member>
        <member name="M:LicensePack.ServiceInterface.ReadLocalLicense(LicensePack.Product)">
            <summary>
            Read a license back from the registry for a local license.
            </summary>
            <param name="product"></param>
            <returns></returns>
        </member>
        <member name="M:LicensePack.ServiceInterface.GuiValidateLicense(LicensePack.Product,System.Boolean)">
            <summary>
            Validate a license for a product, and failing that ask the user for input, then recurse. On
            any cancel, throw an exception.
            </summary>
            <param name="product">The product to validate, specify the Sku.</param>
            <param name="showDialog">If true, prompt the user for license info.</param>
        </member>
        <member name="M:LicensePack.ServiceInterface.InputLicense(LicensePack.Product,System.String)">
            <summary>
            This is the way to directly call the license input dialog.
            </summary>
            <param name="product"></param>
            <param name="license_message"></param>
        </member>
        <member name="M:LicensePack.ServiceInterface.GrantOneTimeTrial(LicensePack.Product)">
            <summary>
            Read the license, and if it is missing, grant a trial license.
            </summary>
            <param name="product"></param>
        </member>
        <member name="M:LicensePack.ServiceInterface.TransmitLicense(LicensePack.License,System.String,System.String,System.IO.FileInfo)">
            <summary>
            Transmit a licenese with a subject and a supplied message template.
            </summary>
            <param name="license">The license, it must have the person and product filled in.</param>
            <param name="subject">An email source address.</param>
            <param name="subject">An email subject string.</param>
            <param name="template">A file with template text to put in the body, or null.</param>
        </member>
        <member name="T:LicensePack.ValidationFailedException">
            <summary>
            Throw this when you attempt to see if a license is still valid and it isn't.
            </summary>
        </member>
        <member name="T:LicensePack.NoLicenseFoundExeption">
            <summary>
            Throw this when you try to read and nothign is there.
            </summary>
        </member>
    </members>
</doc>
